,BeachID
0,2065
1,2070
2,2084
3,2089
4,2095
5,2097
6,2101
7,2102
8,2119
9,2123
10,2129
11,2141
12,2142
13,2173
14,2180
15,2181
16,2182
17,2199
18,2204
19,2218
20,2229
21,2234
22,2236
23,2245
24,2249
25,2251
26,2261
27,2263
28,2269
29,2271
30,2279
31,2296
32,2305
33,2307
34,2310
35,2315
36,2333
37,2336
38,2346
39,2366
40,2372
41,2384
42,2399
43,2412
44,2413
45,2422
46,2493
47,2496
48,2498
49,2505
50,2509
51,2510
52,2531
53,2532
54,2533
55,2545
56,2550
57,2551
58,2552
59,2561
60,2570
61,2579
62,2582
63,2585
64,2602
65,2611
66,2612
67,2613
68,2626
69,2627
70,2629
71,2632
72,2637
73,2660
74,2699
75,2700
76,2709
77,2710
78,2792
79,2796
80,2801
81,2808
82,2812
83,2813
84,2819
85,2836
86,2839
87,2845
88,2846
89,2848
90,2858
91,2871
92,2873
93,2877
94,2882
95,2888
96,2889
97,2920
98,2929
99,2931
100,2938
101,2957
102,2971
103,2992
104,2995
105,3009
106,3022
107,3029
108,3037
109,3076
110,3086
111,3090
112,3091
113,3092
114,3094
115,3095
116,3099
117,3102
118,3108
119,3122
120,3126
121,3138
122,3165
123,3170
124,3173
125,3177
126,3180
127,3184
128,3190
129,3196
130,3204
131,3222
132,3225
133,3229
134,3244
135,3251
136,3259
137,3277
138,3278
139,3280
140,3287
141,3310
142,3318
143,3324
144,3345
145,3348
146,3352
147,3355
148,3361
149,3371
150,3382
151,3389
152,3392
153,3431
154,3444
155,3446
156,3454
157,3459
158,3470
159,3493
160,3501
161,3504
162,3506
163,3509
164,3514
165,3515
166,3516
167,3532
168,3537
169,3540
170,3544
171,3554
172,3564
173,3588
174,3592
175,3602
176,3610
177,3618
178,3622
179,3624
180,3627
181,3633
182,3638
183,3645
184,3646
185,3651
186,3652
187,3653
188,3678
189,3679
190,3694
191,3695
192,3713
193,3739
194,3754
195,3761
196,3764
197,3770
198,3772
199,3773
200,3774
201,3776
202,3780
203,3796
204,3803
205,3808
206,3820
207,3830
208,3845
209,3855
210,3869
211,3870
212,3872
213,3873
214,3897
215,3901
216,3917
217,3921
218,4196
219,4202
220,4274
221,4275
222,4391
223,4991
224,23323
